<?xml version="1.0" encoding="UTF-8"?>
<!DOCTYPE module PUBLIC
        "-//Checkstyle//DTD Checkstyle Configuration 1.3//EN"
        "https://checkstyle.org/dtds/configuration_1_3.dtd">

<module name="Checker">
  <property name="severity" value="error"/>
  <!-- ソースコードの文字コード指定 -->
  <property name="charset" value="UTF-8"/>
  <!-- 設定ファイルによるCheckstyle除外対象の設定 -->
  <module name="SuppressionFilter">
    <property name="file" value="${config_loc}/suppressions.xml"/>
    <property name="optional" value="false"/>
  </module>
  <module name="FileLength"/>
  <module name="Header">
    <property name="headerFile" value="${config_loc}/header.txt"/>
  </module>
  <module name="TreeWalker">
    <!-- コメントによるCheckstyle除外設定 -->
    <module name="SuppressWithNearbyCommentFilter">
      <!--
        特定の書式のコメントを記載することで該当行をCheckstyle対象外にできる。
        コメント例： // SUPPRESS CHECKSTYLE #12345により除外設定
       -->
      <property name="commentFormat" value="SUPPRESS CHECKSTYLE #\d+"/>
    </module>
    <module name="AbstractClassName">
      <property name="format" value="^(Abstract.*|.*FormBase)$"/>
    </module>
    <module name="ArrayTypeStyle"/>
    <module name="AvoidStarImport"/>
    <module name="AvoidStaticImport"/>
    <module name="CatchParameterName">
      <property name="format" value="^[a-z][a-zA-Z0-9]*$"/>
    </module>
    <module name="ClassTypeParameterName"/>
    <module name="ConstantName">
      <property name="format" value="^[A-Z](_?[A-Z0-9]+)*$"/>
    </module>
    <module name="CyclomaticComplexity" >
        <property name="max" value="10" />
    </module>
    <module name="EmptyCatchBlock"/>
    <module name="EqualsAvoidNull"/>
    <module name="EqualsHashCode"/>
    <module name="FallThrough"/>
    <module name="HiddenField">
      <property name="ignoreConstructorParameter" value="true"/>
      <property name="ignoreSetter" value="true"/>
    </module>
    <module name="HideUtilityClassConstructor"/>
    <module name="IllegalCatch">
      <property name="illegalClassNames" value="java.lang.Exception, java.lang.Throwable, java.lang.RuntimeException, java.lang.Error"/>
    </module>
    <module name="IllegalThrows">
      <property name="illegalClassNames" value="java.lang.Exception, java.lang.Throwable, java.lang.RuntimeException, java.lang.Error"/>
    </module>
    <module name="InnerAssignment">
      <property name="tokens" value="ASSIGN"/>
    </module>
    <module name="InterfaceTypeParameterName"/>
    <module name="MissingJavadocType">
      <property name="scope" value="private"/>
    </module>
    <module name="MissingJavadocMethod">
      <property name="scope" value="private"/>
    </module>
    <module name="JavadocMethod"/>
    <module name="JavadocType"/>
    <module name="JavadocVariable">
      <property name="scope" value="public"/>
    </module>
    <module name="LambdaParameterName"/>
    <module name="LocalFinalVariableName"/>
    <module name="LocalVariableName"/>
    <module name="MemberName"/>
    <module name="MethodLength"/>
    <module name="MethodName"/>
    <module name="MethodTypeParameterName"/>
    <module name="MissingSwitchDefault"/>
    <module name="ModifiedControlVariable"/>
    <module name="NeedBraces"/>
    <module name="NoFinalizer"/>
    <module name="PackageDeclaration"/>
    <module name="PackageName">
      <property name="format" value="^[a-z]+(\.[a-z_][a-z0-9_]*)*$"/>
    </module>
    <module name="ParameterName"/>
    <module name="RecordComponentName"/>
    <module name="RecordTypeParameterName"/>
    <module name="RedundantImport"/>
    <module name="SimplifyBooleanExpression"/>
    <module name="StaticVariableName"/>
    <module name="StringLiteralEquality"/>
    <module name="TodoComment">
      <property name="format" value="TODO\s+"/>
    </module>
    <module name="TypeName"/>
    <module name="UnusedImports"/>
    <module name="UnusedLocalVariable"/>
    <module name="UpperEll"/>
    <module name="VisibilityModifier"/>
  </module>
</module>
