<?xml version="1.0" encoding="UTF-8"?>
<!DOCTYPE module PUBLIC "-//Puppy Crawl//DTD Check Configuration 1.3//EN" "http://www.puppycrawl.com/dtds/configuration_1_3.dtd">

<!--
    This configuration file was written by the eclipse-cs plugin configuration editor
-->
<!--
    Checkstyle-Configuration: nablarch-checkstyle
    Description: none
-->
<module name="Checker">
  <property name="severity" value="warning"/>
  <!-- ソースコードの文字コード指定 -->
  <property name="charset" value="UTF-8"/>
  <module name="TreeWalker">
    <module name="AbstractClassName">
      <property name="format" value="^(Abstract.*|.*FormBase)$"/>
    </module>
    <module name="ArrayTypeStyle"/>
    <module name="AvoidStarImport"/>
    <module name="AvoidStaticImport">
      <property name="severity" value="warning"/>
    </module>
    <module name="ClassTypeParameterName"/>
    <module name="ConstantName">
      <property name="severity" value="error"/>
      <property name="format" value="^[A-Z](_?[A-Z0-9]+)*$"/>
    </module>
    <module name="EmptyCatchBlock"/>
    <module name="EqualsAvoidNull">
      <property name="severity" value="error"/>
    </module>
    <module name="EqualsHashCode">
      <property name="severity" value="warning"/>
    </module>
    <module name="FallThrough"/>
    <module name="GenericWhitespace">
      <property name="severity" value="info"/>
    </module>
    <module name="HiddenField">
      <property name="severity" value="error"/>
      <property name="ignoreConstructorParameter" value="true"/>
      <property name="ignoreSetter" value="true"/>
    </module>
    <module name="HideUtilityClassConstructor">
      <property name="severity" value="error"/>
    </module>
    <module name="IllegalCatch">
      <property name="severity" value="error"/>
      <property name="illegalClassNames" value="java.lang.Exception, java.lang.Throwable, java.lang.RuntimeException, java.lang.Error"/>
    </module>
    <module name="IllegalThrows">
      <property name="severity" value="error"/>
      <property name="illegalClassNames" value="java.lang.Exception, java.lang.Throwable, java.lang.RuntimeException, java.lang.Error"/>
    </module>
    <module name="IllegalType">
      <property name="severity" value="error"/>
      <property name="tokens" value="METHOD_DEF,PARAMETER_DEF,VARIABLE_DEF"/>
      <property name="illegalClassNames" value="java.util.Hashtable, java.util.HashSet, java.util.HashMap, java.util.ArrayList, java.util.LinkedList, java.util.LinkedHashMap, java.util.LinkedHashSet, java.util.TreeSet, java.util.TreeMap, java.util.Vector, java.util.IdentityHashMap, java.util.WeakHashMap, java.util.EnumMap, java.util.concurrent.ConcurrentHashMap, java.util.concurrent.CopyOnWriteArrayList, java.util.concurrent.CopyOnWriteArraySet, java.util.EnumSet, java.util.PriorityQueue, java.util.concurrent.ConcurrentLinkedQueue, java.util.concurrent.LinkedBlockingQueue, java.util.concurrent.ArrayBlockingQueue, java.util.concurrent.PriorityBlockingQueue, java.util.concurrent.DelayQueue, java.util.concurrent.SynchronousQueue"/>
    </module>
    <module name="Indentation">
      <property name="caseIndent" value="0"/>
    </module>
    <module name="InnerAssignment">
      <property name="tokens" value="ASSIGN"/>
    </module>
    <module name="InterfaceTypeParameterName"/>
    <module name="JavadocMethod">
      <property name="severity" value="error"/>
      <property name="allowUndeclaredRTE" value="true"/>
    </module>
    <module name="JavadocType">
      <property name="severity" value="error"/>
    </module>
    <module name="JavadocVariable">
      <property name="severity" value="info"/>
      <property name="scope" value="public"/>
    </module>
    <module name="LambdaParameterName"/>
    <module name="LeftCurly"/>
    <module name="LineLength">
      <property name="ignorePattern" value="^import"/>
      <property name="max" value="150"/>
      <property name="tabWidth" value="4"/>
    </module>
    <module name="LocalFinalVariableName"/>
    <module name="LocalVariableName"/>
    <module name="MemberName"/>
    <module name="MethodLength">
      <property name="severity" value="error"/>
    </module>
    <module name="MethodName">
      <property name="severity" value="error"/>
    </module>
    <module name="MethodTypeParameterName"/>
    <module name="MissingSwitchDefault"/>
    <module name="ModifiedControlVariable"/>
    <module name="NeedBraces">
      <property name="severity" value="error"/>
    </module>
    <module name="NoFinalizer">
      <property name="severity" value="error"/>
    </module>
    <module name="NoWhitespaceAfter">
      <property name="severity" value="info"/>
      <property name="tokens" value="BNOT,DEC,INC,LNOT"/>
    </module>
    <module name="NoWhitespaceBefore">
      <property name="severity" value="info"/>
    </module>
    <module name="PackageDeclaration">
      <property name="severity" value="error"/>
    </module>
    <module name="PackageName">
      <property name="severity" value="error"/>
      <property name="format" value="^[a-z]+(\.[a-z_][a-z0-9_]*)*$"/>
    </module>
    <module name="ParameterName"/>
    <module name="RedundantImport"/>
    <module name="RightCurly"/>
    <module name="SimplifyBooleanExpression"/>
    <module name="StaticVariableName"/>
    <module name="StringLiteralEquality">
      <property name="severity" value="error"/>
    </module>
    <module name="TodoComment">
      <property name="severity" value="info"/>
      <property name="format" value="TODO\s+"/>
    </module>
    <module name="TypeName">
      <property name="severity" value="error"/>
      <property name="tokens" value="CLASS_DEF"/>
    </module>
    <module name="TypeName">
      <property name="severity" value="error"/>
      <property name="tokens" value="INTERFACE_DEF"/>
    </module>
    <module name="UnusedImports"/>
    <module name="UpperEll"/>
    <module name="VisibilityModifier">
      <property name="severity" value="info"/>
    </module>
    <module name="WhitespaceAfter">
      <property name="severity" value="info"/>
    </module>
    <module name="WhitespaceAround">
      <property name="severity" value="info"/>
    </module>
    <module name="WriteTag">
      <property name="tag" value="@author"/>
      <property name="tagFormat" value="\S"/>
      <property name="tagSeverity" value="ignore"/>
    </module>

    <module name="CovariantEquals">
      <property name="severity" value="ignore"/>
    </module>
    <module name="DeclarationOrder">
      <property name="severity" value="ignore"/>
    </module>
    <module name="FinalLocalVariable">
      <property name="severity" value="ignore"/>
    </module>
    <module name="FinalParameters">
      <property name="severity" value="ignore"/>
    </module>
    <module name="MagicNumber">
      <property name="severity" value="ignore"/>
    </module>
    <module name="MissingCtor">
      <property name="severity" value="ignore"/>
    </module>
    <module name="SuperClone">
      <property name="severity" value="ignore"/>
    </module>
    <module name="SuperFinalize">
      <property name="severity" value="ignore"/>
    </module>

    <!-- コメントによるCheckstyle除外設定 -->
    <module name="SuppressWithNearbyCommentFilter">
      <!--
        特定の書式のコメントを記載することで該当行をCheckstyle対象外にできる。
        コメント例： // SUPPRESS CHECKSTYLE #12345により除外設定
       -->
      <property name="commentFormat" value="SUPPRESS CHECKSTYLE #\d+"/>
    </module>
  </module>

  <module name="FileLength">
    <property name="severity" value="error"/>
  </module>

  <module name="FileTabCharacter">
    <property name="severity" value="warning"/>
  </module>

  <module name="Header">
    <property name="headerFile" value="${config_loc}header.txt"/>
    <property name="severity" value="warning"/>
  </module>

  <!-- 設定ファイルによるCheckstyle除外対象の設定 -->
  <module name="SuppressionFilter">
    <property name="file" value="${config_loc}/suppressions.xml"/>
    <property name="optional" value="false"/>
  </module>
</module>

